GroupLasso,MrRCE,OLS,Ridge,rho
2.819499240892365,3.143278631675118,3.0796113242076815,3.1988595133229154,0.0
3.2866764569663456,2.9992856129756813,4.1042038336244415,3.656934442090932,0.2
2.9304520340048397,2.3885183231070584,2.7387643762982976,2.6980329530420497,0.4
2.587029768343433,2.2254044047282826,2.592376021288707,2.5164888310608693,0.6000000000000001
2.098806438112992,1.9650553926222276,2.662233324034645,2.1426093217793567,0.8
2.253918371429267,2.1111595198495494,1.94779916084892,1.8689139742270466,0.0
1.8382313270663102,2.0913434921604037,4.4004862600829036,3.028983583209012,0.2
2.2613769320599952,1.959305192605415,2.586354566388319,2.1963769308257373,0.4
2.884432879707183,1.781269973638916,2.8184741585105852,3.683073709579014,0.6000000000000001
1.4696432175622647,1.3287972995164545,1.3467324291568226,1.4025339183556955,0.8
2.3297641159969116,1.9486150005615726,2.0589312061336713,1.7888373114908882,0.0
2.7700520074816946,2.1889871327301775,3.124231452404934,2.738193552866953,0.2
2.91596823648225,2.4505598069274015,4.022508935288397,3.043979288807913,0.4
2.5316762976417664,1.844055194332186,2.1956000990509468,1.88998969890494,0.6000000000000001
3.4113093229166425,3.4466016697709607,4.2136211261015735,4.058587391004367,0.8
3.2755641220376486,3.23417638768139,3.1715309618528047,2.9488035372668118,0.0
3.726715663648821,2.829388420373542,3.0089754314715553,3.102683747831444,0.2
2.4007484486700217,2.263210410198452,2.799074989735361,2.35436688460682,0.4
2.999481317693264,2.543679958260746,2.9184218278673444,3.0812844795708965,0.6000000000000001
2.907182448300507,2.7890622665816487,4.130756584355705,3.5417619955615787,0.8
2.720330383271207,2.8323386654130376,3.474749172363164,2.7554348630133667,0.0
3.503458673561607,2.943679257803585,4.8584993099763265,3.893535348202675,0.2
2.375373951420187,2.6329776205373063,2.6696613067083046,2.449908741779975,0.4
2.6835490339493537,2.0043294118335595,4.521447310634682,3.0692535198929636,0.6000000000000001
2.0091585204668956,1.8301113204068917,2.5075707975742465,2.053834729036314,0.8
2.965404227197694,2.028662680229159,4.603917377912747,3.465737408903027,0.0
3.0602107697069068,2.3979840466270548,3.71220876552267,3.2169787419038167,0.2
2.20070209997611,1.5338130411215043,1.7963318995416038,1.919987653978048,0.4
4.164193839929073,3.894416710206646,4.80488198621508,4.282438770203121,0.6000000000000001
2.7713261048491717,2.150158280030362,3.2432467862934877,2.469649781879765,0.8
4.301125371500185,3.813019289457787,5.3104869171799995,4.25185851763692,0.0
1.8467129680606158,1.9368482432095018,2.0375915119690275,1.7184234358826191,0.2
2.959353011321409,2.9147241679981204,4.587877265026281,3.578461035404023,0.4
1.7030432353522122,1.6789108562734576,2.275153603324385,1.7333494698921401,0.6000000000000001
1.9834713064692189,1.7751536840056157,2.6566751719480353,2.109113449820707,0.8
3.7588746665850072,2.916175142478411,4.437685794313153,3.9130343745664424,0.0
2.1770685903383153,2.3130882714240726,2.4992444313183064,2.2191638525443853,0.2
1.7612960262038901,1.706940706093122,2.263994235020527,1.8802813069178685,0.4
2.660736036348423,1.9642345503635055,2.873945858740067,2.6642913947338167,0.6000000000000001
3.934572207024469,2.4824643946558846,4.33556057012065,3.86221084110095,0.8
3.41153947240557,2.734354433210578,3.779819584232656,3.488648049077517,0.0
3.395174725225718,2.576710334245939,4.492116124884341,3.5271433317095733,0.2
2.499521337094219,2.1263868272844837,3.6549082929049157,2.920880666486336,0.4
1.9225428439192993,1.291392301253436,3.6932804629542346,2.393777789442077,0.6000000000000001
2.4534732794431693,1.9822366188779514,3.1442441639097067,2.7334049949609116,0.8
2.4685181381308317,1.8962632402105588,2.567168969380937,2.1183194659953464,0.0
2.4742070719227947,2.1455804757724386,2.362561387113476,2.2654281264896543,0.2
3.8531693880422804,3.00042493440955,4.118580402773933,3.690777355185597,0.4
2.7035754424482352,1.7112979989515535,2.198995222664219,1.8888107787370914,0.6000000000000001
1.651070521760957,1.8230754186123974,2.5058241838375634,1.9246092014652267,0.8
2.0217682307252978,1.9977150066909384,2.1098985267080947,2.0683651837332975,0.0
1.6495953317690568,1.9202661131983967,2.454380206200941,2.009152432986986,0.2
2.9214642076711637,2.4229255168051402,3.556711353243593,2.943068789486214,0.4
2.093593138261,2.209168665981453,2.179571642246194,2.0932368119302396,0.6000000000000001
2.336478494457012,1.968854681733597,2.210301380404691,2.012055571736451,0.8
3.4900769257202673,3.729924521034506,4.587557196203305,4.107926907170929,0.0
2.4398617169098156,2.5016269650700007,2.753594863840567,2.406128772690514,0.2
2.159903175688356,1.9332867570873447,3.707311740783313,2.7402370314201767,0.4
1.7294954536047156,1.950520554828612,2.4906878375802046,2.105675654119222,0.6000000000000001
3.04217226758141,1.6481225763006653,2.8391043144628627,2.607271557683273,0.8
2.635715589995243,2.6366286263647902,3.1905372510720773,2.819934476602247,0.0
2.2419824039385543,2.0361222249993274,2.670477154737595,2.3527266575722052,0.2
1.6722189299600507,1.2963489078608947,1.7835550142814607,1.5799609553399327,0.4
3.2126895147388783,3.047372208071284,3.5408005174293367,3.493643760818427,0.6000000000000001
2.349054179851979,2.382062267523154,3.4364285209576937,2.9193227539178968,0.8
3.6272217813458827,2.835957471480712,4.880145404363813,3.6483748988626603,0.0
3.1344183608234015,3.1396993265185773,4.120858525737395,3.3044182285868553,0.2
2.2299939185484696,1.902163397486432,3.133562349863066,2.240886809931618,0.4
3.14188721462955,2.332371196108674,5.517692703920329,3.5592947416856853,0.6000000000000001
3.1377870889194437,2.4367909914627766,3.5743543166485487,2.9811044557446547,0.8
3.1537787952150698,1.558283707776159,2.945777334387378,2.3267874236089408,0.0
3.428202691664002,2.526933547510372,5.058400749864663,3.3121089362221996,0.2
3.1524456950650332,2.1099500832135973,2.6724979210469972,2.9598050660594764,0.4
2.6431637494792484,2.229132763817624,3.7431274039275424,3.016702207314493,0.6000000000000001
3.4390701771941417,2.3504978537199133,4.532683388257396,3.9529315134925453,0.8
3.9057461167840137,3.666649466064794,3.3602529900272566,3.1734336535473444,0.0
3.06807227069399,2.7884553635766767,3.4198927789212834,3.1127703343523234,0.2
2.9269379688717017,2.619662677573123,3.670262446695819,3.072090224164229,0.4
3.06659139698125,2.5067131639993043,4.342309300985013,4.158561224917786,0.6000000000000001
3.33854324911647,2.29140253332149,2.261361212743099,2.85134379589816,0.8
3.954990618059485,2.948692417913362,4.894635021877322,4.134124924222039,0.0
2.734112574901839,2.3712085719829283,3.1673546028179262,2.8094149723166675,0.2
2.7200339087107515,2.596507107021549,3.768531200598902,3.1366992646273117,0.4
3.0062518565699925,2.530488651030523,3.2177283801753007,3.1213641618399235,0.6000000000000001
2.5146266730018167,1.973755601538255,3.044244331100651,2.4899116153416063,0.8
2.585440083245011,2.730049259986062,2.929092294526845,2.7474615097666764,0.0
2.3086716411876798,1.8226451908899488,3.2045117073220837,2.4551918988266075,0.2
1.9727787473908696,1.7914473674748508,2.487972328100606,2.160550530590095,0.4
1.7717525616790657,2.8005729917969306,1.6294173980474005,1.67349644095667,0.6000000000000001
3.2362265384041082,3.098166391841225,4.684240825315016,3.349164302286512,0.8
3.0458580976048397,2.6772102312493202,4.330829350866555,3.420273425173126,0.0
2.5620777482673835,2.6585140310968964,3.1784270701059874,2.6610898443610953,0.2
2.375430343476274,1.8724643483313685,3.5205374758746277,2.376279325889391,0.4
1.8128117181973178,1.6559561185697171,2.2248361798793255,1.8343505100031146,0.6000000000000001
3.718783417875182,3.2206388540670705,4.474161682665659,3.907372120435865,0.8
2.5198207597691535,2.5106102307887688,3.2667886208958477,2.723779519999077,0.0
2.8801499791640444,2.436671317017029,2.9661435559137583,2.8444926427415593,0.2
2.6798091318892903,2.5838547317819454,3.3530356453529926,2.6849975053293176,0.4
3.44760213154294,1.8441830580130385,2.116073086130878,2.514254930535187,0.6000000000000001
2.1095219383740984,2.2152386752651365,2.634763281053039,2.4196432058380415,0.8
2.803263187596973,2.821158909968667,2.800198690911743,2.6449532059796717,0.0
3.2284864492474843,2.3998681815129355,3.7240615621012063,3.1773209311037283,0.2
3.425065155062026,2.1710032759163016,2.6779952614800315,2.6332047924866697,0.4
3.472854541324968,2.0403022880247,5.927196664431482,3.4797548258684703,0.6000000000000001
4.229080827598703,2.2931125614576118,3.9647363891276703,4.0224149233304525,0.8
4.043891428451531,3.082842686177999,4.235948104797019,3.7245826439976315,0.0
3.2592920755275587,3.886953297513348,4.310047443618779,3.558135004642341,0.2
3.63731806165268,3.1042256240450206,3.6580141815122262,3.5858131800248576,0.4
4.139640754010719,2.9297433288779087,7.12256195498146,5.055835195067646,0.6000000000000001
3.250215831127928,2.6559346744597687,3.611400823205676,3.185187708078136,0.8
2.8963584989916575,2.9290493086329126,4.852706836823417,3.454384231227566,0.0
2.889124122467283,2.900632626869339,2.7495911798486876,2.953112030093055,0.2
3.4158250445830185,3.1446154243603672,6.154677990869077,4.230785844425802,0.4
2.9163752104204277,2.185703117459711,3.2552411713234504,2.7118864437983192,0.6000000000000001
2.7945567290175943,1.9543709219706058,3.5834066715198727,2.840112167720424,0.8
3.682810013871476,2.9987656317805,3.4370315208450593,3.2319641727229644,0.0
2.8291896434576174,2.3310845438975014,3.236808526861509,2.8021825875764286,0.2
2.9215370865968078,2.1013813134986585,2.973509510072975,2.7216558721159996,0.4
2.658322263922103,1.6106356686254433,4.431624066982543,3.154518334707643,0.6000000000000001
3.9895748162247777,1.6181915946148135,1.9885472012270422,2.358714497541967,0.8
3.8635690528299502,3.615490041314112,4.098669463139751,3.820032041259949,0.0
2.667251542858433,2.3109697926134114,2.9567981737426514,2.5154707978538946,0.2
2.530005673870246,2.6204220233758,3.3121870436958356,2.8720586624661713,0.4
3.495770359724104,2.9428440052334213,4.206027436572973,3.9283566406860584,0.6000000000000001
1.9078667210083422,2.311711090333032,3.6503570713836977,2.5942874282115698,0.8
4.1480692829121395,4.270994514702945,4.978252578587842,4.559739894513959,0.0
3.419062683420695,2.441538239689443,3.513498192822621,3.1835651500719044,0.2
3.252021668811553,2.121061492823668,2.6636872102999156,2.7119062714268396,0.4
3.096119789177856,2.5730358761937406,3.630844204977912,3.4101516552914526,0.6000000000000001
2.253924967755557,1.8703339384427071,2.555618097029254,2.169689689205539,0.8
2.092367373921853,2.721650610724999,2.671594134694178,2.3645891592414157,0.0
2.5754070333433825,2.17481033155995,3.354925177609127,2.955396978813421,0.2
4.870732793636672,4.606121307398799,6.609927274311857,5.817545480103142,0.4
2.153884291948317,2.60712353851406,3.5239446383336728,2.8343686820924896,0.6000000000000001
5.248818444441117,2.486894698647111,3.348846468624146,3.4326603824998254,0.8
2.256448890262828,2.4062996720053014,2.0096935066494,2.1197955647503846,0.0
2.453752401891067,2.3296576304559817,2.385332046689552,2.381923668825791,0.2
3.6258519834027583,2.81817342692266,3.339153670872762,3.2741160051438896,0.4
1.96294472148743,1.976707489313314,3.6617310741113145,2.7647632428017985,0.6000000000000001
1.511241269325369,1.4960243679685385,2.1946390123773463,1.7354260712499021,0.8
2.6822862471751954,2.578515217351349,3.101889628234285,2.6682494949948947,0.0
2.708993454046225,2.3086768384516914,2.287403353331938,2.455196831028987,0.2
2.907357708819707,2.0005357706760227,3.4250214205214395,3.031221544702519,0.4
5.338838861116668,4.183013524193599,6.052878225912593,5.592384755596457,0.6000000000000001
2.1645923274387964,2.29475942690994,4.590863978520582,3.005545303594347,0.8
4.0390693597478045,3.14012143474604,4.272215446452413,3.7328640944688405,0.0
2.3517804337751462,1.8896297778206512,2.8147231901101457,2.40180381545212,0.2
1.8325923659000272,1.687380133461327,1.8829014295198339,1.9944514259555022,0.4
3.55911418021063,2.5610815150992745,3.2031861156094164,2.7955903579371157,0.6000000000000001
3.4701933949822568,2.5965334971564604,4.116749347804581,3.5027606922448373,0.8
2.6086874552775607,2.421526229111647,2.864292501947216,2.4286560832290056,0.0
2.840390044414449,2.0684925404191277,2.6056347284419807,2.4062458504259014,0.2
4.392074879963623,3.984073315301175,4.282456912790769,4.245978398147312,0.4
2.569214866293092,1.8578082473369704,5.343183505998555,3.581372998309766,0.6000000000000001
2.599475055144715,1.8759643907696435,2.3128350522463834,2.0936639228796685,0.8
2.3363778955345356,3.014961083279328,3.3495865046916036,2.7706234890009878,0.0
2.710800662747604,2.854931655440301,3.5414100739095864,2.9550732271592497,0.2
1.7185068569129758,1.3569967284876512,2.3590672834205035,1.9323876872012613,0.4
2.0220941166608193,1.4096891971588659,3.0824249117623,2.06367878506288,0.6000000000000001
2.4289621818514466,1.9234218618446426,3.3392901803712176,2.7584564824923024,0.8
1.8113303283574904,1.533105702967139,2.5155963173731175,1.983466211030758,0.0
3.0083533693346327,2.107950964105587,2.348788316123155,2.4527567204277494,0.2
4.382623782385879,4.347475890383399,4.8658261747198654,4.513125777557408,0.4
2.620938356904178,1.9771516338625736,4.042384139257856,2.7796013676897973,0.6000000000000001
2.434838570772124,2.6895295662766343,4.524576912703558,3.006908003060729,0.8
2.8967203283145726,2.8856094232157172,3.2388543722787353,2.760078504564821,0.0
2.0696957202162833,2.1593779374504187,1.8811847012924323,1.847835256628339,0.2
3.0826873350581767,2.388392252105343,5.1678403331939435,4.041030592247463,0.4
1.9854916512004528,1.8057952279391074,2.8945388787436857,2.229083680242975,0.6000000000000001
3.860715981178307,2.691666844158236,4.273140062687575,3.9666372417241584,0.8
3.498002413374818,3.057255326083695,3.1936244423727134,3.0026988842033773,0.0
2.5918963774620987,2.812862608692345,4.4842554299444775,3.593251094088293,0.2
4.288247069055467,3.2842343428361396,4.124851908552992,3.9981185521832447,0.4
3.451260161241714,2.8761053787511286,4.613387386410973,4.117466851833653,0.6000000000000001
3.9164759827805296,2.6837937886984355,4.797401698181924,3.9168194804048904,0.8
3.6060733445829403,3.7515390292968434,4.94513785563545,4.430434768922067,0.0
3.4349153786635944,3.038644746221273,4.151623781527347,3.347238434690839,0.2
2.158827722786723,1.9362342122269525,2.6324381248808018,2.282975318446567,0.4
2.5676524926230924,1.8586828632526495,4.174140384483868,3.30564040099446,0.6000000000000001
2.4545711779618933,2.1166025460508333,3.142721982269219,2.662394960254141,0.8
2.169536528942745,2.210703415433116,3.7460273324543447,2.3996152437677374,0.0
3.00545611107489,2.815489732021082,3.1943987680685937,3.035171664953979,0.2
4.0289315803536345,4.1661451521576724,5.778582325517598,3.8008480229759893,0.4
2.491139107377626,2.0751250996117667,3.1859619323011494,2.4374165597963358,0.6000000000000001
4.048365758625958,3.929972508965528,4.447738928166231,4.107625927223705,0.8
3.4397239689395827,3.178178766314067,4.060013102159466,3.4762808382974564,0.0
3.4353393451940466,2.531709635580002,2.8657868477302584,2.694326624549754,0.2
2.3509785211156387,2.21940495196637,2.8830756427581523,2.6240669146270537,0.4
1.7662736634725362,1.611007437347217,2.2055451519192286,1.914538247762483,0.6000000000000001
3.266128575154225,2.762077476999168,3.349446678324732,3.420736114339348,0.8
1.9988883557808084,2.665282010067627,3.6573265941005957,2.583762130744351,0.0
4.1721526261452055,3.0637062152094927,6.676206090428606,4.286691603141223,0.2
2.028498231760519,2.048911752036645,3.1238865364541053,2.262102999000608,0.4
2.6517120027781433,2.1439739323314333,3.8082717419322534,3.0897539191044734,0.6000000000000001
2.1399760294970926,1.9583836866665385,2.9678808304653157,2.474082608457656,0.8
3.5404897958292794,3.1444333099869644,3.632659778969868,3.3012980698687397,0.0
3.385932141834549,3.0716375785478953,3.4874784070399736,3.272486310223504,0.2
2.352940045270363,2.2150868543870907,2.232122320269801,2.2948471007121487,0.4
4.96419765926073,3.469419956801719,5.5872563771074475,4.589372195286701,0.6000000000000001
4.270356374507878,2.4294297623872843,3.1431229959996205,3.729284766312478,0.8
1.9522998017589865,1.659199236491342,2.609501799741069,2.0723047108716663,0.0
3.1504629315977146,2.4911261882615094,2.548055998264311,2.523703292538772,0.2
2.6934188162880455,2.2438704896589456,3.7826985412720977,3.229501533814998,0.4
2.6913740629762457,2.587776340169289,3.4361921897469587,2.907417397506795,0.6000000000000001
3.0579537057017667,2.8065194908966307,4.293733418160462,3.470983681909021,0.8
2.201893024016435,2.430964527651994,4.392343150576959,3.254179584044174,0.0
5.273238592409516,4.227533323197751,6.800996702661104,5.606610625226006,0.2
4.095368951996671,3.692021560808764,5.109515706119558,4.319438504481473,0.4
4.0725692267373725,2.961094240821879,4.99507644084397,4.0838244614614085,0.6000000000000001
4.415026932926653,3.521034458682583,3.6382443966472757,4.258659687877824,0.8
3.093905491340034,3.198408001126001,2.549915310852387,2.485612330520573,0.0
2.416312403627591,2.591334781763159,2.9046897073703355,2.55586135269417,0.2
2.558383028026631,2.458351924997613,3.2453596765309203,2.7575234321683117,0.4
2.3729484898783215,2.2513259754331463,3.6764376733637714,2.973546208674497,0.6000000000000001
3.4137788854142705,3.1002089249330034,4.9087906141683595,3.8274908511207935,0.8
2.814903966334879,2.497775898819321,4.591535707603344,3.398989288109337,0.0
2.6575158561933367,1.8570194164840705,3.5087837962362993,2.7532973797090166,0.2
2.100228365491791,1.7973126591321702,2.9277594550358788,2.3236591314776818,0.4
3.923133141692364,2.6532914592087895,4.332390707597826,3.686881569591712,0.6000000000000001
2.4157296277232194,1.667264724091197,1.7764319334539866,1.9011021457415558,0.8
2.953134915200602,2.6227725721855397,3.6935204059651277,3.16899375174296,0.0
2.087990935898378,1.8576876954162826,2.262145260720747,1.946876716997239,0.2
2.4761488685354403,1.6617625987301101,5.204495315325972,2.9842297677594445,0.4
2.5253321892065648,2.149624670746892,3.212768416131855,2.8524409513918823,0.6000000000000001
2.9943204158943155,2.1961525781627693,3.4357210390288104,3.1557757758275122,0.8
2.8075400383059272,2.552919889325678,2.8361632225558076,2.3707845836642996,0.0
2.6650511116939763,2.2321448733157823,2.736453718760574,2.341495333233278,0.2
3.6681528505716727,3.8272643370810906,4.029743456284784,3.8509810677830982,0.4
2.4618763379840103,2.129879871614374,2.5321954057174247,2.2842274911566727,0.6000000000000001
3.267503157238292,2.0580014352222777,4.804431550170934,3.6641196003779686,0.8
1.4762315398117103,1.560767588784378,1.5998022660712927,1.4840351446602282,0.0
2.3752751272181922,2.290475824872855,3.279475274311935,2.283777414222849,0.2
3.6907243755772807,3.3817776769400365,4.178559858172289,3.715981255708115,0.4
2.131581802348384,1.8295802224767446,1.8062366291532275,2.051896970632947,0.6000000000000001
2.2845564822695255,2.0141770868348408,2.976521089254021,2.428494144515082,0.8
2.6865669630339784,2.477808456635132,2.5657382444008654,2.5664388485040104,0.0
2.542167280845921,2.40123255145541,2.7622040997463113,2.5532820358393296,0.2
1.7611764249705946,2.1262349312144524,2.4574774314463745,1.979072840373881,0.4
3.9096633090410196,2.7438389473107057,4.945332542501124,4.25657725239173,0.6000000000000001
1.8293131996635699,2.220112251944621,4.131579906310129,3.0050752836248806,0.8
3.014390389677996,2.382913917327609,3.081122470637359,2.760130846424193,0.0
2.9439073856342293,2.255136343945622,2.0353107362878613,1.8194361803085353,0.2
3.4543071792427993,2.8256277511629952,4.329937602862862,3.5511931579250335,0.4
2.3644994120357246,2.49927976050735,3.096030065724184,2.69167352125858,0.6000000000000001
2.142283862476071,2.274622517526914,3.0297051011666523,2.592529847641216,0.8
4.355691892685044,4.186421088349944,4.20819420708807,4.103117887690594,0.0
3.190278911675533,3.088035009757531,3.4869106028204624,3.2473022877967996,0.2
2.7583310237145695,2.466583305682336,3.8843367514100757,3.0767452246104257,0.4
2.8875746304668803,2.0832206909538487,4.105201650188756,3.26045099888456,0.6000000000000001
1.6800643732167795,1.2265353920164397,2.4929656614005467,1.8482643250804354,0.8
2.0614998722365123,2.0748489352073154,2.5015153679266877,1.722717004988649,0.0
2.1200326311176254,1.8316635152351917,2.2315432554606227,1.7066826812012703,0.2
3.12770327976809,2.517593150120601,3.5966345367267487,2.991587663175031,0.4
2.9818347329444057,3.135290286815961,3.297652170081083,2.84518437218496,0.6000000000000001
2.216519966066891,1.8546257573312497,2.3331977433977067,2.0031827541341665,0.8
2.758839355758545,2.9147908865638597,3.554383219154153,2.6791879550895406,0.0
2.2891026750459864,2.103468012878343,2.040482890603375,2.108474528529106,0.2
3.5666495678951016,2.5261004548112913,4.267496852709923,3.5698305629849285,0.4
4.3623851249399435,3.775025598530587,5.129841824385866,4.446466261589905,0.6000000000000001
2.836497271100716,2.8454581253968265,4.252803110328679,3.3392506941311133,0.8
2.484807575855551,2.1450218552584226,3.7559858275638693,2.855640872629987,0.0
2.5299533096131834,2.1130387544617957,3.2384034871924823,2.6495841062218823,0.2
2.237608473214017,1.8999242829525644,2.5041209916177483,2.288238206051462,0.4
2.2093649682081375,2.7619787043855535,4.073033599679149,2.674323426810868,0.6000000000000001
3.5712481416331494,3.529026997055953,3.917048645194809,3.6075364046952823,0.8
2.759275006124199,1.798654432251898,4.0096023623327595,2.5089302683421892,0.0
2.8629478448196704,2.2998239207752555,4.93789111961237,3.5053351470267184,0.2
2.1597767773495558,2.6838013438939488,2.7382637958261604,2.5569098614919277,0.4
2.1976110133867897,2.1979665057478552,2.905353763793244,2.1898439398758383,0.6000000000000001
3.008814204478126,2.2124047320923994,3.479138055554922,3.1051066599159967,0.8
2.3107434283623633,2.8450752036017337,3.2388521297173325,2.689283463885728,0.0
2.196803988188871,1.9126274774042589,3.2390496101938466,2.4358368009260376,0.2
2.316515855963708,2.567407397020062,2.080886725512416,1.9267477534358095,0.4
2.340127812560225,1.9500448425357018,3.46069104609377,2.4820676966009825,0.6000000000000001
3.0542554836922218,1.9586276304200418,4.576104518289817,3.398170783353638,0.8
3.2601408177756745,2.178191367940952,3.082756318910861,2.864682044004386,0.0
2.6134960752517236,2.78742763463253,2.9064410220774897,2.865626444089847,0.2
2.4178872285556836,1.7323572176367346,3.5680229028247608,2.6933924937348843,0.4
1.9459412179465252,1.5054122110324193,3.1061975424328616,2.432182656487794,0.6000000000000001
4.178809336291854,3.5445274795185853,5.033151271066051,4.281583043662307,0.8
2.4923942831090424,2.178041636388835,2.377493708195913,2.3931379734591163,0.0
2.431916230164008,2.25318873330188,2.581845400101343,2.3653439718695353,0.2
3.935315818605989,2.4418724527141595,3.8804453285512563,3.741411422982225,0.4
3.486556861381671,3.3107103207638326,3.9153106534215087,3.653502809635607,0.6000000000000001
3.338641916112824,2.3784430024475762,4.517581975174554,3.981333719960164,0.8
2.238129247920225,2.23105993651539,2.4069270308797877,2.236879484592742,0.0
2.2625441751379727,1.7719444287778159,2.233352537801656,2.101201986344818,0.2
3.072458598561541,2.729552165182608,3.894650593832062,3.510489549872868,0.4
2.9927204228424866,2.74109117104804,2.594204032389205,2.7748072877959506,0.6000000000000001
1.7602301994770033,1.7823230102463894,2.1339981984610303,2.005566524638765,0.8
2.0629560510169607,2.3845671862386353,1.9866333604142776,1.866953388599831,0.0
3.272828608109503,2.584913997307303,4.692523798551502,3.6854195677235646,0.2
2.7070473643010127,2.0499271818111575,3.334727678912457,2.527680364736597,0.4
3.3028434544601546,2.1356625604878223,4.529291897719441,3.538921747169542,0.6000000000000001
1.8880158476719993,1.5437213837670967,2.3710316617781784,1.834005415572662,0.8
2.6942789184857103,2.9214807790018575,3.836652218342415,3.1089081828454983,0.0
3.9916957336740966,3.7023694260507725,4.618215258151649,4.036048511073387,0.2
2.2683464696958318,2.14671895956221,2.787455644640821,2.3558137227774183,0.4
2.5535426591405774,1.6283302845008167,3.5323750621653636,2.3318562439089385,0.6000000000000001
4.672986882406222,2.0294064091811035,6.262104427956323,4.168581695495262,0.8
2.119907092399663,1.6589970347598566,2.779211982412523,2.1874953085610795,0.0
3.845753833108786,2.98144915479799,3.6817841661357997,3.4458955732597056,0.2
3.2811548690672927,2.7770605706981786,3.4769212156262475,3.1664675758089356,0.4
2.7397337992052866,1.7790893891310398,2.553081062673654,2.468146993376395,0.6000000000000001
2.7508966471960465,1.9072763556086785,3.2317524066610566,2.6972453244713543,0.8
2.7178858703418958,2.1495803765983266,2.2191050031072135,2.319659136544181,0.0
2.5252779566238104,2.3637215824298763,2.4420843231186757,2.22009465356612,0.2
2.5483591768801577,2.485068150721729,2.9418759274878536,2.5498086841629917,0.4
3.1155811814596497,2.5341538953639944,3.407136905479085,3.0718586582493894,0.6000000000000001
2.6300317229558345,1.86108262052083,2.790986931958443,2.4632915968692366,0.8
2.5679673661766875,2.6790436210761466,2.5761281762167405,2.493658608084554,0.0
2.8979144762595506,2.1996511039679154,2.579103409729923,2.4728068937474257,0.2
1.9611689307510043,1.482622716551354,3.275098712255187,2.375987192788398,0.4
4.236844748153815,2.7414929076204544,6.824114994958828,6.438254993495381,0.6000000000000001
1.9979409414483416,1.3829951673605128,1.7363880040561601,1.6286684395706439,0.8
3.2123089301673575,2.902980578680631,3.2490284698196708,2.710875300119593,0.0
3.408276495411674,3.3060774117975096,4.13056832760784,3.7234145552300633,0.2
2.4389720595411903,2.3913059820557883,3.6050822079970075,2.971324022254809,0.4
2.7757362369668974,2.0532644600996117,3.558577414939516,2.5670463945890436,0.6000000000000001
3.2259937080743235,2.6146532847083943,3.954326007388699,3.4857399054612914,0.8
4.048989507633328,3.541175870681511,4.382999794351186,4.092240303520013,0.0
2.4044874816925157,2.0451736147518518,2.8466949921098297,2.419623017288441,0.2
1.8841775205484907,2.2127668607399236,2.9006947194969213,2.4537931073265993,0.4
1.9967550848516047,1.7976095240547474,2.271728949158996,2.0974922237035063,0.6000000000000001
2.697646232894066,1.6891301460619343,2.174922038913148,2.2152233905718743,0.8
3.7579937117134268,4.201545679441148,4.240393451793348,3.8052342616931534,0.0
2.7896777915333617,1.8199945947247276,4.1005091749465,2.8332171165130453,0.2
3.2971636219641085,1.8973028114233714,3.2400547410795677,2.9361989763059517,0.4
1.9108157504853347,1.7628534258845479,2.6878199348337577,2.1317964448129145,0.6000000000000001
2.2421647416897033,1.57891639496993,2.6221088395473697,2.173302002813426,0.8
3.4452553023404673,3.246067063660893,3.812251174897597,3.5090770150863424,0.0
2.32313470076766,2.4042749498577702,2.475420524359941,2.410112200287471,0.2
2.8965723501069207,2.1777901496416368,3.931488476279812,3.1214452114627753,0.4
3.333237496939781,2.4988392121566743,4.341533318691756,3.4857608029828744,0.6000000000000001
2.2344212002796486,1.7144985851782755,2.8381740902087764,2.423398760579088,0.8
3.0008066556507367,2.3494634154625076,3.4975395413196084,3.0271643371171715,0.0
3.1610245747001664,2.3783266444885474,5.315578440617762,3.3867484738139524,0.2
2.491503818640591,2.074804493091688,2.518695179189182,2.1544712130101815,0.4
1.9350139470672787,1.6502414998939479,2.0178258110360914,1.9650557948917826,0.6000000000000001
2.2437965202067973,1.4790854676489562,2.8692300050578052,2.3083397295353567,0.8
3.0705615418092425,2.7964056327392295,3.532835080783347,3.0655366648212325,0.0
3.365851779067687,3.0574451310679467,3.5291209575577667,3.1174863158796127,0.2
3.4725093564156975,2.8600731522888174,3.8225550813344413,3.469619986063738,0.4
2.063080699060278,1.985124848684862,2.5327355127917897,2.23492937515892,0.6000000000000001
2.445467242870418,2.463170819338716,3.234598357528821,2.888424331605826,0.8
2.119197358540037,1.7345730766643144,2.2343292538895216,2.1699231793548135,0.0
2.9963228786219585,2.7787531182143246,3.166466043607616,2.815743926143633,0.2
3.9654101550543044,3.231236111708173,4.906545106452161,4.26242682416523,0.4
2.6060423578682483,2.2098927772687085,3.1561338564494807,2.646057050428478,0.6000000000000001
2.611438941337413,1.7498305010446793,2.7437877354738562,2.1984635332803024,0.8
2.2380393962084035,1.860238847213209,2.577633301986907,2.0341156023307336,0.0
5.81032679577335,3.9752463061122225,6.856456339020377,5.602322032540985,0.2
3.617053506912912,2.9043839879297186,3.8800581744366083,3.8020643432853034,0.4
3.729935864812649,2.9619663749729943,4.750222967327156,4.071132364925127,0.6000000000000001
3.2273785937601764,2.802677363324131,3.3818321366186526,3.3117980022665643,0.8
4.157960519059506,3.524940374970967,4.2484755243683,3.877794066932286,0.0
2.820649411332003,2.6605300040171573,3.6341077467922647,2.9894948666623726,0.2
2.453626847818615,2.1954655819447884,3.3816110526486236,2.6206819602364377,0.4
2.9571002917907023,2.2812255790316764,4.649184301752384,3.5962876098080425,0.6000000000000001
4.111453665151957,2.355646627616478,5.909519451958941,5.104242736234987,0.8
4.314167888934957,3.2518566172087815,5.4727573840063926,4.35527384210609,0.0
2.8690444865918217,2.3575978257339343,2.2113392224412585,2.1562633536304094,0.2
1.999801394343462,2.0461195495495677,3.020513940462746,2.2031728881706396,0.4
1.6091142039030109,1.4550572950064071,2.439773839706394,1.8093374946582919,0.6000000000000001
1.852025234043749,2.0090743666894118,2.8619354425152252,2.557798693757048,0.8
3.2229306062666008,3.423875352437217,3.3017739034716627,3.3621829490558386,0.0
2.6819244328264986,2.10390650568522,2.5040194829609614,2.495399598740816,0.2
2.599772350769023,2.297505553712991,2.9184726547522293,2.474461275072973,0.4
2.5181204146705585,2.41225647995337,3.072589005570003,2.415876115737984,0.6000000000000001
1.8424273350590823,1.8230808122389186,2.446933055545996,2.299308142622613,0.8
1.738500484437292,1.2576521377691576,1.7925427872377133,1.5192660085205099,0.0
2.735824655745641,2.0124174094491805,3.3802840435033255,2.74127832709053,0.2
1.674249645682229,2.4336676790355756,2.5079213823094055,2.0452635156727,0.4
2.1736411766866555,2.287299489299613,2.821151036704914,2.140584833349828,0.6000000000000001
2.438034404241783,1.679394999791744,5.184946756561983,3.6815356256350236,0.8
3.782643588472678,2.6755647505928417,3.4773270355490675,3.1195413429142356,0.0
3.811902621109024,3.1362200298776273,3.1630870374129922,3.083695879080219,0.2
3.876816814111253,3.3851611851584194,4.467986384963672,4.113153974483596,0.4
2.8293440480527283,2.284150095779541,4.275991488299473,3.5466575136784306,0.6000000000000001
3.4514624647151884,2.64922979530751,3.8379551365654216,3.922846200202678,0.8
2.3964262780080623,2.0830225138844063,2.855816792499355,2.3813394619246884,0.0
3.625168891212502,3.3477745134084875,4.280396123105973,3.432858562880882,0.2
2.548864042467522,2.867310996802382,3.8182548366125295,3.254295788151392,0.4
3.3313715416063485,2.966074131829278,3.876500170603827,3.710150504191368,0.6000000000000001
3.675524968162861,2.5031837993348574,5.527157727140159,3.7469538002479807,0.8
4.5174920708411355,4.355962195460679,4.339445150976578,4.0152142947816465,0.0
3.1072945764814155,3.2495195135045623,3.869514881480438,3.3276329904029995,0.2
1.9180897611701913,1.582494929479238,2.0762911440643275,1.9697011085271254,0.4
4.047102753510197,1.9469970938529944,4.049318543671677,3.1220379019029845,0.6000000000000001
2.104332269788113,1.5430171382851712,2.6116909346321115,2.1482786587922145,0.8
3.32176132059026,2.617833471147816,4.237410977451395,3.3332033856559407,0.0
2.6366601269199004,2.3290097602250928,3.4566078976316037,2.890163643617832,0.2
2.4000752906821914,2.2827572364581648,2.3724542679529788,2.388208055078582,0.4
5.408754790701993,3.4403622889567673,4.95196496673474,4.974569055764172,0.6000000000000001
2.819994310278113,1.7404078044936482,2.649201245782819,2.7775641875791752,0.8
2.2351241740859775,2.2538226712812217,2.105079818770135,2.005996476873919,0.0
3.7764953783066835,3.55582017484101,4.268016820820202,3.7023597587997434,0.2
3.717755198674163,2.9550660895969836,3.0123195305313324,3.179634849204753,0.4
1.9753353785550325,2.2427765406526374,2.6913349901314914,2.2741753232571567,0.6000000000000001
3.260036442080162,2.9951843147987534,3.78668885776665,3.3961726656091433,0.8
2.087752721698169,2.3305001538771197,2.3789094320515054,2.143995772544313,0.0
2.626625731858244,2.5404546444183875,3.4590069342824443,2.9888257009404025,0.2
2.157896843621113,1.8636183861519315,1.8394239654772735,1.75407470332117,0.4
2.6721878331700992,2.2769387317490626,4.274146855493909,3.4429455690491966,0.6000000000000001
3.052734346686639,2.6746596567076875,3.642178101176398,3.0468708689760042,0.8
3.2585123441117174,2.327763747911908,3.8430430699363827,2.9970687890383956,0.0
3.5604779906514903,2.8156262055538215,2.801968572897975,2.8898528995678867,0.2
2.2244384480129202,1.9610153203819867,2.430040061013803,2.2257245278244238,0.4
3.205745227892019,3.014013203938246,5.307313567769191,4.230564129822476,0.6000000000000001
1.9675969632848391,1.5531037940393233,2.7656205786580736,2.269538711397588,0.8
2.7651013866154477,3.2089938180083415,3.3856079647590733,2.9790090080006983,0.0
2.61391183134116,2.729007302002165,2.8145464174330526,2.649715951001031,0.2
2.8384769119515045,2.114738447298023,2.7535006610399946,2.3988733595045337,0.4
3.2291030005731303,2.154827800311154,3.4832843057098697,3.4136520988334156,0.6000000000000001
2.257506040510198,1.8625976927126189,2.966366210859659,1.9922377432293952,0.8
2.601608181490369,3.0134736857601947,2.8870342847853263,2.707655339172248,0.0
3.5626396249952954,3.7414360698886115,4.005349382025377,3.5142978684711967,0.2
3.2535580287123462,3.2260176700616165,3.8823259674491215,3.540686315892455,0.4
3.641307733062626,2.8007608704809495,4.513833834580514,3.883915613573219,0.6000000000000001
2.1469236527563496,1.742083905524022,2.3511140810374136,2.219231764547085,0.8
3.577339666736555,3.291406804549583,3.9712571064023874,3.521902923862188,0.0
2.5953033980392424,2.47242199779968,3.474816144279092,2.728504985053158,0.2
2.011156032391078,2.4526534414583345,2.9567907700806804,2.2810913895656264,0.4
3.5441311585697672,2.320975581867557,3.791317017381592,3.4625358126462977,0.6000000000000001
2.665758688320887,2.1538948322901508,4.132913772680873,3.217969488549599,0.8
2.9536621702253356,2.4310272353123246,5.075852992038189,3.7621623688915933,0.0
3.297036405926694,2.6724818308432052,4.3808044181181724,3.410667775406501,0.2
3.2920237504610483,3.06260342492813,3.330908155592688,2.889294772511591,0.4
3.7133008614620104,2.725483755030016,4.550412878844893,3.7220956208289695,0.6000000000000001
2.073389758049328,1.7148747761983762,2.85822413047364,2.3632075018389234,0.8
4.001759569230269,3.804510790236798,5.253649355048526,4.593083279584574,0.0
3.5336572327804867,2.173496646886524,4.22126143018123,3.356046106913966,0.2
2.3238514902450307,2.1878855954040626,2.7527824837877817,2.3739195768163093,0.4
4.324157407549027,4.181952600235768,6.16686050366504,5.216102700039686,0.6000000000000001
3.777542664547512,2.949316470572749,6.218592028984351,4.803470131292084,0.8
3.1578473609823705,2.0623323453413933,3.6553169606363665,2.7030224228999105,0.0
3.718506342598584,3.564654505807831,3.6923243930458503,3.357049511916017,0.2
3.662462723868998,2.9647592044403264,3.273900355739785,3.1768182519877093,0.4
2.139216438286421,1.62464068801975,2.780467557634136,2.0809605134227853,0.6000000000000001
2.2673933492144,1.7181893507628963,2.632935245323236,2.2588628259062626,0.8
3.2328026698024255,2.289967610005288,3.6972745363676687,3.131745762258234,0.0
2.4838859088544,2.78262646854189,3.3599665497482816,2.4874043270168107,0.2
4.237613870875259,2.621588508707293,5.33572276536944,3.9199663637851123,0.4
2.257392830154028,2.039361288197026,2.1031721215122805,1.7772360360139614,0.6000000000000001
4.17377724791292,2.877073824482713,3.9214872286372557,3.619300181529237,0.8
2.495538582352758,2.344784980742868,2.620485918985986,2.3966291810495655,0.0
3.358339731873989,3.1936028925947437,4.465294780652729,3.505401668367103,0.2
2.2565513067078644,2.1711119115563253,2.428932003203729,2.1293472601961927,0.4
3.0839282420411718,2.5763751672296746,3.6476752619401225,3.278923439072611,0.6000000000000001
4.125253582581943,3.529530274795338,3.8420747539085007,4.018564295510787,0.8
2.121645080408034,1.721398157475972,3.32372673921617,2.414516644184193,0.0
2.435059555312419,2.855962375065207,3.0760522130810797,2.5929861263036407,0.2
4.533323469304635,2.5958334046049703,3.9176623662562395,4.6688287762519005,0.4
3.06479569869022,2.0733628977866108,2.448136274686851,2.5560451367476165,0.6000000000000001
2.0598484809271866,1.8171247929761025,2.466854857532846,2.111027804484708,0.8
3.377537926552192,2.3581174208361766,4.175238999873777,3.345872704860634,0.0
2.1611628494554513,2.2093763225996415,2.694404304061087,2.2272053723646312,0.2
2.2199759951246234,2.66660454973377,3.620816542352321,2.6085507662440794,0.4
3.00554571826153,2.384891540775041,2.691518409576064,2.711504313656933,0.6000000000000001
3.864476816533268,3.3882430229699536,4.500498638368119,4.0702276879480905,0.8
3.6544946284875306,3.3298054804313675,5.560169793363407,3.862492888380218,0.0
1.859940164177676,1.28949423791275,3.037612083000766,1.96419943693726,0.2
3.6007258547251637,2.8643918274408033,3.047099463873149,2.9193073140642594,0.4
1.9027471274797478,2.3300747945811215,2.9426269314071396,2.21799467884631,0.6000000000000001
2.4325128949349835,2.409042753639397,3.182729448269647,2.753637233834983,0.8
2.7130799085299016,2.600098199825669,2.6993554150181343,2.386391832310961,0.0
3.4164950635059945,2.6081030688379583,4.048287559748514,2.9189452531091122,0.2
3.3183378330804976,2.738818702079603,5.013812358537413,4.038853657746673,0.4
2.8236527010964663,2.6777512298150388,3.9193527326789583,2.9287763003390737,0.6000000000000001
2.012114576492049,1.4569083113989985,2.606560135436987,2.016148875063677,0.8
2.5051929872923853,2.6342210984312713,2.2993007831128756,2.0923985413734574,0.0
3.428056677979818,3.5424827179637073,3.798910618766573,3.639805141548775,0.2
3.025332198334116,2.6142651660671774,2.6778545839428816,2.4696703478668103,0.4
2.66986798663005,2.0036187554523877,4.183031136404199,2.9044650344241827,0.6000000000000001
2.356897524113133,1.9237226100724214,2.7839167907375026,2.323845271030512,0.8
2.254965225389814,2.081292447399864,2.8326821207878465,2.3588457291859943,0.0
3.6509501588000033,3.023015838020882,4.094398134688228,3.59465184894561,0.2
1.9577949334508045,1.5059913915866063,2.536977738932346,2.262050927490336,0.4
2.965007499314393,2.598603251571107,3.762167916267467,3.263904135350363,0.6000000000000001
4.824639785576561,5.000661674409267,6.245657611718158,6.059367730407524,0.8
2.2382265980112312,1.7006377272010436,2.3418958824078926,2.0182514492459314,0.0
3.0428649543471264,3.2021815026527025,3.807223073209574,3.24566369855828,0.2
1.8910676555266595,1.8443473315246124,2.6212273390726604,2.009278160943896,0.4
2.4997794899511834,2.169990128513267,3.340461069317157,2.548741144449424,0.6000000000000001
2.146843511347632,2.0658002333282437,3.154834959790948,2.3736204353775014,0.8
2.8306291788657063,2.5166727152254467,3.4821865754217134,2.9180735060350926,0.0
3.8593520269700003,3.6798400397511077,3.4938559988973137,3.262876922855498,0.2
3.07450663844931,2.0962583769309067,2.6348117332511953,2.3681852209667276,0.4
2.237696819932778,1.9469210039322815,2.765871289266588,2.1731823612926418,0.6000000000000001
4.174284984761026,2.2512414595343926,3.443474079455582,3.1926030690342166,0.8
2.556216456822817,2.5295866917114056,2.615651302583482,2.5087064861486024,0.0
2.5314149924488585,2.503828597815553,5.026108817338489,3.524647581337593,0.2
3.5299273194865655,3.067633686829031,4.02058792556141,3.42157199505266,0.4
2.3066255883894597,2.651777424971256,5.14964772475048,3.253906008003127,0.6000000000000001
1.4699271147270594,1.1185194121063033,2.083023702881742,1.3657214246745224,0.8
2.618197322289905,2.01653048683357,3.37653325407483,2.8803976212074285,0.0
2.537984962924636,2.2042870550648934,3.496704009503134,2.4897900236483212,0.2
2.9706014528130744,2.2961427261426772,3.082567806664616,2.8109904637659673,0.4
2.6361064759160304,2.5941188140855003,2.8662171378122094,2.552353160141539,0.6000000000000001
1.8217888600110403,1.4361648862115923,2.3357009067417884,1.8430787835513023,0.8
3.11267726941155,2.7215085103493943,4.295556339494888,3.4784612624394073,0.0
3.6161661742660747,3.2220802071153325,6.191272383560324,3.9219426817415353,0.2
1.9150433528233899,1.9990806303372939,2.349354566326599,1.9733141962548149,0.4
2.8161466851771166,2.866947758980813,3.580091863397069,2.891849175158047,0.6000000000000001
2.649181159575968,2.3555672524758506,3.1516691141096804,3.0770628454020623,0.8
3.164937953848962,2.383048469838768,3.2240564304958554,3.065300532468909,0.0
1.7652879578751308,1.6562230255016606,1.9287108434833635,1.7504517891603912,0.2
2.2548971455451166,1.4819756851407575,2.298584334037462,2.00692898183102,0.4
1.7653769559679078,1.4269201231419566,2.2712642296008707,1.8311952816669834,0.6000000000000001
2.1051518520913772,1.677748854245674,2.447530083674269,2.2099762266582337,0.8
2.379325607129267,1.9208928610132847,2.487324814713854,2.228057451207596,0.0
2.424059197681417,2.2311979410654033,4.096823849426017,2.9218542202943567,0.2
3.1664271643079878,2.5073734698602452,3.2269702526991155,3.1201924154245475,0.4
2.777015485069665,1.8129928021866684,1.6833856047007927,1.8290418625874287,0.6000000000000001
2.6018948650268205,2.331947318616496,3.5516602988081973,2.9894270262938267,0.8
4.073531702589662,3.81882817080441,4.348972022699453,3.9367043784995945,0.0
2.412713971885436,2.0268560878650823,3.074259245879765,2.194004133090267,0.2
1.9903041572317095,1.9797772506821656,2.8081954911132287,2.371735783675475,0.4
2.4592939205585447,2.2086023772534396,3.9114956722425838,2.8135863304205793,0.6000000000000001
1.7260388784169194,1.4331589670189382,2.4567404216632873,1.9222700607829002,0.8
2.0559898204233824,2.0174556243980293,2.1856976212707897,1.968282535920395,0.0
3.8247292616699653,4.0142676250058775,4.3258050130655175,3.657415374909011,0.2
3.4424071007729915,2.738314399121726,4.343456920234039,3.558448238430923,0.4
2.9949379517656536,2.2671874125884783,5.233108767952998,3.8929965328381138,0.6000000000000001
1.7247296740152698,1.4937531533135846,2.877762535510977,1.9438944048600528,0.8
3.196468670836326,2.752675549501836,3.9860111389023865,3.2647307997672086,0.0
4.549690815706456,3.4033571993926177,5.709722895908677,4.638270747216388,0.2
1.8339944630842953,1.8370963091682242,2.173559685204104,1.9083645142133734,0.4
5.382961510875943,4.726880006625344,6.366950103781002,5.6904699529094165,0.6000000000000001
3.093582131252326,2.0469155333363296,3.8150749395192394,3.278437265547504,0.8
3.0310012714261703,2.455880533734583,3.627824047678998,2.961073442074423,0.0
4.723339343835735,3.3028884246770898,5.403308739559741,4.488607214365243,0.2
2.7854587087176266,2.3504611698995883,3.444639121298392,2.908179261223544,0.4
2.922502327323597,2.68241104926512,3.6252384049941835,3.078058078790265,0.6000000000000001
4.419703838681663,3.5744093223307636,6.285918340583333,5.1642845816176735,0.8
1.858697617426786,1.8156747273645613,2.446696889611576,1.9349979334686052,0.0
2.102266203678427,1.704674967412672,1.984764316878626,2.009944955860409,0.2
3.1905373915862194,2.677722467622665,3.4675686756875637,3.1590738216488576,0.4
1.875914456296637,1.2486420548242014,3.012448906225578,1.9938682352930028,0.6000000000000001
2.6097637119630117,2.4034523133211168,3.715103302638244,2.8358854338989286,0.8
2.4914481978708,2.2185360298671437,3.853760637211368,3.071389050533394,0.0
2.7843756944527573,3.1244819150322174,3.0606708066262365,2.848068837616344,0.2
3.5069926224339993,3.7172991217939995,3.593696442051024,3.462750339385193,0.4
1.6554953103044492,1.721584418747899,1.7927598940498046,1.6302340588032624,0.6000000000000001
1.9789231359828725,1.7051557664333201,2.4962452121503027,2.160166317277141,0.8
1.8883901124920253,1.6716388465837682,3.1438734667057484,2.293475815640135,0.0
3.3621590676870037,2.5613944197251777,4.472473658233643,3.624849185037541,0.2
2.789068944366856,2.5838144643524297,2.874046397649929,2.4953699322401754,0.4
3.6278009728993155,2.9742410936353743,3.57569260038905,3.9474581445773453,0.6000000000000001
1.7951938431780128,1.6290421526428422,2.4361333495708477,1.827733847019896,0.8
3.49123615818805,3.5170284754705783,4.57324735239283,4.019563127461738,0.0
5.343591195787548,4.263646139343381,5.585723584950618,5.288083153919198,0.2
2.8640013022150237,3.030874303491054,2.722102575230681,2.6498138746785798,0.4
3.0077105433594404,2.769588102390279,4.1424677462566235,3.485910544687777,0.6000000000000001
3.7114190904489903,2.737465372885647,3.256517420569791,3.0450938875146765,0.8
3.2144476850675714,2.550164926764817,3.4318986696580422,3.169587723006239,0.0
3.535810959992384,2.7229520090681536,4.517581448887989,3.552522909244841,0.2
2.0940080700048176,2.5755138385243916,2.927483127422427,2.269237597280683,0.4
3.8098073704339876,3.403372771260319,4.759397844401898,4.20172881307171,0.6000000000000001
2.197235716951194,1.6227256990670076,2.807254825667383,2.283407290804301,0.8
2.9883048180030034,2.7344913078602175,3.9930228869548148,2.8323059650203,0.0
3.288804797127378,3.098778839233051,4.154950644389302,3.537583362014717,0.2
3.679789864879642,2.8185270695873768,4.743884985453196,3.7387214028430247,0.4
1.5406367404259647,1.502030001531225,2.328559855206285,1.5910974599448449,0.6000000000000001
4.133597486505463,2.614980012151244,4.516446569907212,4.597302367323996,0.8
2.8058042835764216,2.3063154642761035,2.9554438020714944,2.589412625566162,0.0
4.5275955241039085,3.5473621125609545,5.442401746384046,4.308248960309307,0.2
2.938975343778222,2.507456999106247,3.010463381962139,2.820669816497463,0.4
4.303790031756904,3.3023018566949656,5.2406451168931305,4.059114137333956,0.6000000000000001
3.7045348021914744,3.316544109645919,3.924653166570206,3.8932642461013947,0.8
3.0602691169864085,2.9042290500804295,3.447075472951635,3.0379387751069404,0.0
2.7814778728614007,2.4724142897492003,2.8783971292525337,2.8024799365881448,0.2
3.6954537037033206,3.516769119729254,4.5633020019771475,3.985408935618724,0.4
2.4989692565235515,1.8828864459628412,2.782938807744406,2.6031050905982207,0.6000000000000001
1.800414793479093,1.8771264537155208,4.49423141704802,3.007706265019052,0.8
3.5223721709537887,2.8811688852733077,5.0495967045427985,3.899399588877019,0.0
3.3119790373390603,3.2177404489137555,3.365128867404061,3.157312079002825,0.2
1.7454946447261472,2.193877900674976,2.8747987345817974,1.8684513115873458,0.4
2.284370399763436,2.2337469885068106,2.182368077496158,2.348258918499735,0.6000000000000001
3.3296971397535566,2.8799310108442393,4.259814820838088,3.5437725975458134,0.8
3.5825966050354885,2.819309994711945,3.4302137446724306,3.248956787138796,0.0
4.026911216300484,2.5167726745199106,4.903390412271737,3.1847556034433246,0.2
3.536146406358904,2.31958729181625,2.760305992391622,2.7729982679685907,0.4
2.234742802085771,1.7451600938025742,2.290819654498233,2.154323656747029,0.6000000000000001
3.1733370079047223,2.063472489255925,3.4765106229607574,3.065066982884925,0.8
1.9187156561275946,2.144602322095557,2.1129251288280253,1.8148547068728789,0.0
2.964397589920736,2.6653432544537465,3.754951153444685,2.8762700599532565,0.2
2.08787806938609,1.8547828493283394,2.5329966498742005,2.2439048787300324,0.4
2.994350620557832,2.3201740391249857,4.168417876133722,3.134031512219327,0.6000000000000001
2.5098674623490336,1.5406020901079787,2.5726911266411308,2.389065203505911,0.8
1.954157699744285,2.216635283920094,2.3018762543187696,2.1094763651291326,0.0
2.9357045301355917,2.3227572083490893,3.729166727969846,3.1275358302139695,0.2
2.2725814271033045,1.8147222142517836,2.4818432169929587,2.315691644706467,0.4
2.2907313906224953,2.4616106163612925,3.855052998980269,3.081723573317592,0.6000000000000001
4.236235543610791,2.122270546174294,3.9069480246760553,3.6053372040442455,0.8
2.093347413195172,2.0134575590130646,2.5300670282378066,2.2150156192656745,0.0
2.434199416649215,2.9181516791977504,3.7926484672815737,2.7322104322902714,0.2
2.6923472753448188,2.22608820370884,3.100505464183316,2.824999830848354,0.4
3.108772820220431,2.691638092986055,3.977271539011373,3.678206756579942,0.6000000000000001
3.076323516650654,2.6528576948329308,4.761513218303657,3.931632628625218,0.8
2.9205350064213187,2.671381237002948,3.428121562284261,2.949351895453904,0.0
2.4800899277496384,2.05930379434107,3.764702997657897,2.804940072545813,0.2
1.6465272204990145,1.6118586080044521,1.829786786918998,1.6915150771097482,0.4
2.971608486213253,1.9977224386514678,3.8367776969313327,2.801605952567655,0.6000000000000001
2.9139903797420175,2.723400545463545,3.8036800662963235,2.9808143622721945,0.8
4.110954322616599,3.5755036805187963,4.722101892358787,4.110891899042195,0.0
3.991337910999844,3.443083785203015,3.9777940355726065,3.9077650990997657,0.2
2.2967513012623604,2.407734796248312,2.6410060435883764,2.329812853940114,0.4
2.5619190006632238,2.1074019916153826,2.8845663687909866,2.6516968675672947,0.6000000000000001
1.9215073910380578,1.875021070408899,3.1329609973535613,2.2551460397516054,0.8
3.5283378447154083,3.197985321378722,3.8074510439775606,3.3895268463419637,0.0
3.6090207545829105,3.112936262180902,4.630562496691847,3.9384418760004976,0.2
3.0037043715572507,2.933761316390864,3.3645722284243,3.158369036510442,0.4
3.3276515863894125,2.855159951039723,4.02350526772538,3.5252104899502967,0.6000000000000001
2.718470705758362,1.6916078962017158,2.4586476100165044,2.544782970567834,0.8
2.2652532820681905,2.8747453988642198,3.9438304349145987,2.206408435780274,0.0
2.8723638046045283,3.072714140015417,4.702295844514896,3.676278779530459,0.2
3.717266053424061,2.443994611926333,3.351776213960111,3.0857437871973517,0.4
3.270129930412787,2.230333871369153,3.0431299719818257,2.5213585996015317,0.6000000000000001
2.8620856946352093,2.623005956241104,3.8813936911891567,3.171790403548778,0.8
2.3657177553005884,2.7119816160795245,2.6577722588856503,2.3241174245909337,0.0
3.540302324343236,3.029829586630137,3.5913894053503723,3.4407277640861746,0.2
2.2776368234331006,1.9836259471863604,2.495285887935092,2.1607069899013736,0.4
3.088907597204833,2.4253672982644146,3.045518978225651,2.817049772217396,0.6000000000000001
1.9778037437038227,1.7877224224605508,3.2581849708010733,2.3677534328881595,0.8
2.536592452097398,2.373245978323066,2.4646295970696905,2.330431377268535,0.0
1.5163364122372593,1.589115858806418,2.1057147300931387,1.7391305263572807,0.2
3.4208551273788323,2.5290513243950365,4.164585522866542,3.268692965772613,0.4
5.789625826303804,4.415091335481128,6.594005890657477,5.68902101244262,0.6000000000000001
3.36559043974491,2.248417420619333,2.453200977320928,2.749889594701914,0.8
2.1775998221186654,2.2366394494737336,2.578041596992392,2.3497540916727995,0.0
2.5908074190382706,2.403726570961575,3.6975263367243443,3.0379165857332393,0.2
1.8357068391564433,1.9929037826263698,2.238170871086422,2.0665200110833744,0.4
2.6617097780701506,2.207620981391393,3.2406576541830265,2.7243669056515274,0.6000000000000001
4.019309927999824,3.461092590961006,6.964780335874982,5.2526354445138015,0.8
3.104767350947873,2.756320119473063,3.5781083165417362,3.2566988684206923,0.0
1.8347362533950156,2.5103030226411396,2.264427004174982,1.8080136324073801,0.2
3.2114230164547495,2.9979828490593023,3.4918922158275962,3.3587837493719546,0.4
4.55997558992645,4.014827536977735,4.113121727297922,4.796647206035056,0.6000000000000001
2.4962286481769222,2.3247478505646284,3.8607806644354676,3.237905475311966,0.8
4.503027018483323,3.6804043806322753,6.8611819542900605,4.513308885829278,0.0
2.302781732850712,1.9481185552169213,2.648170079305526,1.9433319913373441,0.2
3.194023191337398,2.6703199837316545,4.234281003068634,3.464205923725322,0.4
2.162907308500828,1.5101341026331152,3.139028732052366,2.274776827890516,0.6000000000000001
2.736084360700326,2.226823405243171,4.94337810609462,3.7025317106851716,0.8
3.074781514725421,2.487529452358591,3.241811310825845,2.7057314182610352,0.0
3.933555761659343,2.658685094736783,4.801738854563615,4.012456856496066,0.2
5.167123461434417,3.182964175172009,4.758181911071657,4.702482445774491,0.4
4.258646602842138,3.6633419227624398,5.083986406233245,4.122493430315682,0.6000000000000001
2.2845972205476723,1.9567782360210508,3.574997313333043,2.725814890542115,0.8
2.004430684056578,2.4557730276322056,2.6748383427688056,2.2816598943033055,0.0
3.492600160579788,2.7810109488624026,3.235030092281975,3.202091182591853,0.2
3.955743627910834,2.0453118919199564,2.883571768581146,2.6189259185625784,0.4
2.9672394548386043,2.812373187242312,3.5093470169651813,3.0850023605223162,0.6000000000000001
2.593644474804982,2.8871832257091303,3.8817501949521165,3.1763859982525213,0.8
3.078886770410211,2.650555974097546,2.7780631472540156,2.5928301247887844,0.0
2.7673119306673555,2.5978688188411514,2.347805029888279,2.34714824921823,0.2
3.796067605286033,2.5311178738274878,5.446735494195822,4.155409251326069,0.4
1.87484019947165,2.006821126526431,2.4955742335544713,2.1278270226498193,0.6000000000000001
2.250912948500909,2.0890638790679277,2.6106500013228597,2.315008890409169,0.8
3.6678676703266704,3.6314044647826997,3.447211933327106,3.5066942237228913,0.0
2.967181015612159,1.7750047973710132,1.9627621986202253,1.7760371648960973,0.2
2.052856116980082,2.150866604070331,2.55126531343035,2.334652980168917,0.4
2.503100341676073,2.2176086899290945,2.962119251900819,2.6362926595169593,0.6000000000000001
3.578083731568187,3.3306005707976682,5.360846523429875,4.14134431580606,0.8
3.9567182648183308,5.226254954509734,5.0478939772329765,3.854997396096668,0.0
5.731505851382729,4.507843498135001,7.28242106054121,5.7223134991262,0.2
4.085414185307593,2.60530193891336,3.313328142761414,3.244187578133957,0.4
2.646454684047254,1.804643368406546,3.6423291890565435,2.8615235850574465,0.6000000000000001
3.809890332000511,3.2643514264378366,5.108512111375606,4.77991229771021,0.8
3.7730405107833547,3.195675558222667,5.4791779094947195,3.4992307509005163,0.0
3.7196350309889024,3.4785900757525985,4.68686988905123,3.8008077070247643,0.2
2.4760345101584105,2.4367060026813085,2.4184178064362487,2.460122476707965,0.4
3.9241166639382,2.7063410444195193,5.578470417314189,4.427366004505556,0.6000000000000001
2.790434535738716,2.231571195826277,3.1136263180753154,2.9675706507262953,0.8
3.392704812427487,3.1055945666859173,5.305095962828459,3.81165237408086,0.0
2.4322341971388908,2.617335367559781,3.252190608055219,2.8868206969844463,0.2
2.9680265342011234,2.8306306437214266,3.2862965583222907,2.75788143638335,0.4
2.72274157418562,3.022310863298113,3.549574239055814,3.0188259465638945,0.6000000000000001
1.5728049604018643,1.4775202870092188,2.0633737888596286,1.8509103043781154,0.8
3.7180374428451968,3.272477185554454,4.57605585051129,3.919595144524399,0.0
1.6911752311061805,2.1578546690608134,1.8520483626109243,1.803515275511188,0.2
2.9162946656144326,2.860143942432157,3.654989276174038,3.1908852922295385,0.4
2.6964670050733757,2.019446728469925,3.6456903734863486,2.8871046645333593,0.6000000000000001
2.4269693968220807,2.338060080544346,3.2684227773610326,2.826358989466411,0.8
3.290060872132124,2.413330996353851,2.796116984032529,2.643759633845602,0.0
3.2219333849298533,3.1423674636761882,4.037449766725905,3.2347792294183257,0.2
1.8810202853240068,2.1757325800212923,3.827547496733618,2.955739542651717,0.4
2.1101092995700306,2.2793947275840605,2.0842662409708765,2.2498965029457785,0.6000000000000001
3.269652066485634,1.8736028404612137,4.902821050748511,3.7029804074996426,0.8
6.005895649185461,5.639391115630883,7.165230217537668,6.242154285860966,0.0
2.3889029732570393,2.232449485452399,2.551099855279634,2.434195826952023,0.2
2.1256297521521383,1.3173722153068108,2.0599699283003705,1.7738999686896155,0.4
2.694144513482259,2.3553522788788426,2.9954965674301848,2.7689850252068475,0.6000000000000001
2.3644725552114383,1.789376191289524,3.8196668979877497,2.662992236091847,0.8
3.4426768195277115,2.39795079745018,2.9195361466643748,2.6939566563146995,0.0
1.7257015721334936,2.330656354937159,3.784894062656019,2.8993736328516824,0.2
2.3487520060998888,2.363118741436396,2.7800114368690267,2.452012716704716,0.4
4.099463980646243,3.662741130312336,4.800613585974924,4.0673500249695715,0.6000000000000001
2.3847227221434766,2.242512201003742,3.9139008759827405,2.7426845079720046,0.8
3.087706470491445,2.8488358075333684,3.6396325996038827,3.068830945553669,0.0
3.451922039485596,3.254957340092124,3.8234564784107796,3.550334857040661,0.2
2.8004445889772347,2.436892922238824,2.8782735234271115,2.5483514889282253,0.4
2.724658742421209,2.3484923613210906,2.3677921613738984,2.388928347633553,0.6000000000000001
2.5906809659713077,2.193865433696851,3.0359983209406747,2.676842174781447,0.8
2.2757340320510986,2.0490560805806926,3.3884788176609173,2.4642784611955575,0.0
2.885597398887559,2.41089880237232,3.406708130930165,2.911294445614877,0.2
3.0212013446310486,2.1071195947176093,2.60507939091876,2.6652796970230708,0.4
2.1107087694285265,1.7844434774969562,3.1710368858196634,2.5374232849213922,0.6000000000000001
3.6285282112653654,2.8193647908292525,4.381321153340354,4.058740772703916,0.8
1.8089491093676053,2.2528787326397337,2.4772954053099188,2.0259396426316165,0.0
3.90160979324692,3.8179704164623383,3.441884084156959,3.2800747688237752,0.2
4.07819107220556,2.9307907510049778,3.3410156461376137,3.090977475696132,0.4
2.6347864051256487,1.9478341333063751,3.5102362792368207,2.8005650815827834,0.6000000000000001
2.8455363280263133,2.25781997453819,2.9380301585009225,2.952684538084934,0.8
2.7791810078833796,2.4750126953406077,3.3778611030600603,2.932084071931604,0.0
3.0839278174411136,2.2563648903849804,4.802571636294112,3.7607148392892453,0.2
3.966377478266253,3.6034034964701553,5.013986328663413,4.5853068773822985,0.4
1.9511272922815746,1.703471280696863,2.3148901998781666,1.9906875077909438,0.6000000000000001
2.634934416338793,2.7825778073732192,3.4592287012872855,3.310500745738695,0.8
4.233830776709932,3.0343788327411296,4.78248766342791,4.044674383663864,0.0
2.9703556089041543,3.12923590496435,4.289389812542776,3.312853828935329,0.2
2.9167520113029433,2.08265751849184,2.2251992904997984,2.199289612408648,0.4
3.020059921168525,2.395017442725354,2.9788422621628765,2.7358783177415447,0.6000000000000001
3.347520736182894,2.227757105101299,4.7820995554865,3.8168425085631106,0.8
2.611004846725148,2.5637807264333747,2.4891779911416436,2.427728434570181,0.0
3.3769162914895947,3.246969436216318,4.096834477383786,3.5999102158043152,0.2
1.779655650582162,2.1523750184851282,2.621364404642309,2.327210827959223,0.4
2.989877860782026,2.7300202552972497,3.8270821616984736,3.152462475077904,0.6000000000000001
4.74449962465063,3.3453737525543867,8.205172922637793,4.970511578248695,0.8
3.6280123799828097,3.024760605545807,4.704805260868529,3.857778231585748,0.0
3.2636358448479776,2.9139392284217474,3.156864988011365,3.0713178342685303,0.2
2.886906787168295,2.844557423516033,3.2362346015977925,3.0421129541405922,0.4
3.8287568898052418,3.0564407081781937,4.472632203665404,4.052814149184913,0.6000000000000001
3.278580684244494,2.6289122205895223,4.029045190980556,3.0448036649186765,0.8
3.061963756416927,2.854625783761657,3.0556254200553656,2.8220015438852544,0.0
2.8995833243277778,3.076446494945962,3.468312318850883,3.272253120544515,0.2
1.7607537476256603,1.7355683981590049,2.454926272618061,1.716433937997028,0.4
3.978915230784404,3.785795133520458,4.101424683998059,4.14761672606293,0.6000000000000001
2.3872624803368026,2.3237938282941086,3.4625802691469167,2.7926871993228994,0.8
2.4916337171337335,2.6941256577453245,2.4947870610855643,2.409379789109909,0.0
4.575885918348842,3.3057349514373287,3.919786324885669,3.76323841926794,0.2
3.6732961229706227,3.7286058873191514,2.9421323103429287,3.250511805390644,0.4
4.114227228302216,3.6585317685363172,4.3202846860453725,4.1246749685150395,0.6000000000000001
1.8373006550528856,2.061210160257552,2.2338183369064435,2.004939955940188,0.8
3.509247764593611,3.1960524983500216,4.474365432159186,4.273661003491471,0.0
2.572916525978117,2.368384767279426,2.762221448346549,2.954447058220831,0.2
2.22751734886962,2.267925238605869,2.951463037244908,2.485594718207744,0.4
2.8732603174676346,2.623707346226915,3.0313932105688353,2.941114083806037,0.6000000000000001
1.5590033141000477,1.4330262634331614,2.0012676454394676,1.7973889916713244,0.8
2.644602803453605,2.990204715104529,3.1479627869658957,2.6375268790368303,0.0
2.18366999543353,1.806082666085811,3.0412468569335194,2.394168561783184,0.2
2.5708833314670243,2.3932120834210595,3.7555728988525177,3.1625885747745266,0.4
2.7228677277641777,2.274311816918466,2.478120376829941,2.9181127620340437,0.6000000000000001
2.1598865063350625,1.4381634611553291,1.9486083243415198,1.7410929616298048,0.8
2.3937581551594365,2.3433737437208726,2.0152723969201993,2.1177088533820316,0.0
5.179994433277161,4.55138109850529,6.022909134062232,5.262965118897951,0.2
3.320952301577533,1.972642657023142,2.3621736777628604,2.4692548234695257,0.4
3.0259793942855233,2.5466926798514753,4.40992966803431,3.8186767894047624,0.6000000000000001
3.7324714470938893,2.9554713328279707,3.5641174412752696,3.3771767265445987,0.8
2.1370156719083737,1.9182149201554342,2.723657077772299,2.2467930516457266,0.0
2.678519810024981,2.2671789461121055,3.20707060859411,2.4101900549362796,0.2
2.8722659094399003,2.5514797009383225,3.3835233410840586,3.1193194405667395,0.4
2.6938405824246834,2.622054731443491,3.588361321963629,2.9214047164975963,0.6000000000000001
2.4296005368291076,2.3625613678625172,3.5165032040339894,2.9785539046381033,0.8
2.293120381585925,1.98704614429297,3.0889376937758435,2.5928390263974705,0.0
1.7830467604993792,1.6050189001198385,1.9179655816579233,1.6868954999260461,0.2
2.382403741701304,1.9338598607234085,3.2329835950461616,2.516631239680732,0.4
2.55785552148516,2.1009477782664083,2.271172790805512,2.132335328649669,0.6000000000000001
3.900269226398236,2.37394339298448,3.703896905680182,3.317324929870216,0.8
3.3253203565008147,3.3064125166486424,3.9018966093058527,3.27947661803001,0.0
3.1590173890027535,2.7904929854131435,3.6932551488821916,3.1179014889331156,0.2
3.3714235712468685,2.869935188248636,3.546622717947432,3.6763639968150086,0.4
1.7492837247722968,1.61132752950164,3.5805852990748575,2.3166164806760317,0.6000000000000001
1.7280796139679413,1.8517440485179018,2.8292488931337534,2.234736716424454,0.8
1.9020408204650716,1.8777252979245969,2.5758264991607502,2.0398804309058702,0.0
2.3315801947682173,1.9705906021697353,2.7979093097541607,2.1907870562121454,0.2
2.269754926379253,1.536596479142921,5.420655975849433,3.2094280809956524,0.4
2.2656180840433326,2.0072342745779292,2.8436983273196432,2.2719302542329416,0.6000000000000001
3.611346660267021,1.9023249816935293,3.5917850286699875,2.7959879030725308,0.8
2.391033698564003,2.2063825161502546,4.036532402640778,2.8759290327447493,0.0
2.6000642700591126,2.087005228440347,2.785930526372257,2.2697019237572618,0.2
2.8354585571943067,1.9206311633873738,3.6161285459521855,2.7587144124522154,0.4
2.8831096119448922,2.7698139222677196,3.2754911615071802,3.1525741986535545,0.6000000000000001
2.3070956521300108,2.167275391899004,2.785602967189695,2.433271294299539,0.8
3.4146025907269917,3.0833447426306773,4.041434741365966,3.388565420653118,0.0
3.7003533746930324,2.3489022138970292,2.854181209789351,2.5182868012857145,0.2
4.215426461293692,3.091356934722943,6.220381583881046,4.5258300578009685,0.4
3.878858076014609,3.438767332160264,4.7147093521328625,3.7680818075200824,0.6000000000000001
1.6609352633665728,1.9223456602008508,2.6722477527724906,2.4581349514885646,0.8
2.704461005148957,1.9736667776259134,2.239365717068552,2.0367688531116706,0.0
1.8609877872582905,1.5525000618470457,1.7634260509245903,1.7130428291059472,0.2
3.085721879213378,2.539651834724935,4.715618682101682,3.5216318346126982,0.4
2.141399020788451,1.7797431745033248,2.9990162041565167,2.4596732783626387,0.6000000000000001
2.990451899613562,2.9262514499354193,4.494769929364762,3.4002907079670557,0.8
3.009732159012697,2.740269908706609,3.266380211211919,2.6984153175843164,0.0
4.88975402945843,3.213082453713649,4.584494273865172,4.299539313973048,0.2
2.8635083196739757,2.301604206220361,2.9049679305803835,2.6798760793304925,0.4
2.962775364230575,2.9212619611305843,3.210938151422675,3.308788345382838,0.6000000000000001
2.7721232232578896,2.329195761550321,2.7490499593116606,2.658408609932582,0.8
2.345287316965428,2.533705701475388,5.114694618586151,3.312532844648905,0.0
1.5124750808423533,1.501078497077809,2.2746605221028844,1.8362566422287536,0.2
1.9058390120488458,1.9049218867070707,2.311757626844166,2.090134021075715,0.4
4.711508286646738,3.9843282716280015,5.765322373275653,5.052185705255767,0.6000000000000001
3.40721375406066,2.1639025379272225,2.7030529851206797,2.3176209067160625,0.8
2.4833424290072195,1.6149351193534809,3.9081232534700145,2.6033162695894494,0.0
3.0972847020524963,3.34648373996539,4.038110749264893,3.2021397884151552,0.2
3.2902080272951206,2.501715697785569,3.5922162864237293,3.132800262698084,0.4
2.5249658843563636,1.8871495954119433,1.7172557195855789,1.8307263737536503,0.6000000000000001
1.9499649726420867,2.0207607358036936,2.6268102107914886,2.2637102298554805,0.8
3.3761385309280705,2.4800653661298564,3.9511433068903887,3.180281735030602,0.0
3.2889616848083922,2.7268658079136996,4.564915231785636,3.372519044391016,0.2
1.811739246970536,1.5969680571912002,1.6201013978985177,1.5493374668083348,0.4
2.780231853360103,2.786550511117878,4.228908307526415,3.675199960585915,0.6000000000000001
2.0756107956470844,2.2083782916231627,3.1175340464919206,2.401771774774382,0.8
2.3643829745686396,1.8735000672740085,2.4092333827683414,2.169871930031395,0.0
2.384066676035848,1.8489180701718448,3.102099255294989,2.3632886366861787,0.2
3.4119857157387274,3.541440343625153,4.095949985628759,3.487429181605547,0.4
2.890744086635716,1.9692834985665475,2.382666808630881,2.942652618720416,0.6000000000000001
1.7704231239066615,1.3983323141049455,2.3607772300910823,1.837866004797704,0.8
4.178051147076768,3.5499278480255083,4.338769585145975,4.236409767753779,0.0
1.7658428728473878,1.7934103390799092,2.2929506909218222,2.043582036648803,0.2
2.404862615577634,2.6806993714657112,4.055642277853415,2.746939535727043,0.4
3.6743971189935865,2.9448566626686223,4.4709285578422415,3.7869959916514286,0.6000000000000001
2.7614611363691557,2.3401543079924236,3.834877307382769,2.8330793040693067,0.8
3.122170068830531,3.0302775536451505,3.4699661677214064,3.186643905157352,0.0
3.0512439099123965,1.988801339349043,3.928238962394892,2.9041013550462527,0.2
3.9356082432113517,2.662206945155085,4.433683138525508,3.6243466601676206,0.4
2.3241698445980323,2.0329498611658696,2.6740633342601403,2.5087392232655836,0.6000000000000001
2.058675607784743,1.7223683561302288,3.2719135530722347,2.3554549179505537,0.8
2.109885481151949,1.9487207280171803,2.4598152668949504,2.1012243066753067,0.0
4.000485304938504,3.4578585436169953,4.459424514519913,4.048486193556245,0.2
3.2499547835200566,2.80661651427871,4.182474589968774,3.516067140608328,0.4
3.82254084128141,3.134592868756254,6.400820776297985,4.710849774650887,0.6000000000000001
2.428118503745993,1.9250259707263377,3.01604072638107,2.3687513581571364,0.8
2.603881397918492,2.3757301757388656,3.9362630964591414,3.1498525902160015,0.0
4.092210302001582,3.6904850905949607,4.469020917482034,4.099535779025208,0.2
1.9450889258489183,1.816922286554211,2.3928109227664343,1.991281030782495,0.4
3.1805095482811554,2.657576296226318,3.352181158474486,3.0742666461009143,0.6000000000000001
3.229050064955239,2.299882485192454,3.592454756016242,3.094029443650892,0.8
3.2279669671551545,2.761428855412498,3.591736467988688,3.060289072539712,0.0
3.4298359565840832,3.3443899012809464,3.0908294314513176,3.313822904773034,0.2
3.3493556645534284,3.1038762045714217,3.718021561290114,3.679124151713605,0.4
3.7385125643390156,3.1998080170223755,5.355404763142003,3.841995937045512,0.6000000000000001
3.441063712380844,2.2440430274827974,3.4992532743293814,3.0148615227435394,0.8
2.566130081009631,2.670091554772904,3.174703057458008,2.768082791389893,0.0
3.2569526851461728,2.058508643931951,2.9356399928116614,2.7487880363164363,0.2
4.820511147554507,3.1400972117403168,6.635472101637981,5.144604982631965,0.4
2.936734997415006,2.273115727542657,3.0065781698744356,2.7674973850755102,0.6000000000000001
4.073798545523935,3.030341831712885,4.806746132232654,4.500508731964097,0.8
3.1786588116055663,2.969428210810431,3.543942557501452,3.156692489968219,0.0
2.5257660821566055,2.364076587521353,2.80042653218197,2.508324642785782,0.2
3.6367631141755026,3.95822730087385,3.8364726689129327,3.5924364999181044,0.4
2.6295759760189648,2.18938539975666,3.0869624012297314,2.1265652210367767,0.6000000000000001
2.275061820844129,2.138643306025445,4.077842360879657,2.8788488290543195,0.8
3.0430720339157276,2.683905098567194,3.539956296049313,3.1268056713414834,0.0
4.179644537225146,3.523471954687751,3.9801984639751997,3.967208795781069,0.2
2.4873859773176448,2.4386123895628398,3.9506099384865463,2.9127441008085695,0.4
2.9063776082019124,2.5453837719837584,3.193830613835833,3.0970976727638937,0.6000000000000001
3.382978418562454,1.92325752408183,3.8974211597394337,3.0301751812678637,0.8
2.15302876843021,2.6281088463887583,1.8653307161897446,1.824383057184121,0.0
2.776008468337099,2.4031345998922253,2.822229458927673,2.577784183418136,0.2
3.765378820961491,3.64275270266346,4.422807429100541,3.918347944072945,0.4
2.635846104702881,2.353061819280373,3.661661928558289,2.9139848193998543,0.6000000000000001
3.456362205902752,3.0654323711576024,4.67868391209012,4.157852972663567,0.8
2.3566018223888006,1.9834841905461909,3.194253011588958,2.4270751631879772,0.0
1.9515668856395223,1.694277834218184,3.5954139345794967,2.3156446715926995,0.2
1.979780590221723,2.022745535394688,2.1820708045923167,1.8292145045515573,0.4
3.2993584401644775,3.263332076859939,2.937966188796904,2.8833282521701857,0.6000000000000001
3.4907771199978384,3.1906854696952944,4.115130698437317,3.5667316235972075,0.8
2.010613053674949,1.9142567781093232,2.8241317605155025,2.2540574375849323,0.0
1.7775269314048416,1.740409583692542,2.242242078642657,1.898538267842763,0.2
2.0106798671271804,2.1851365974250885,2.592687500257836,1.9280872627256809,0.4
2.6363191318771806,2.1786273864076846,3.178642090254041,2.7911447257412245,0.6000000000000001
2.5664893003398594,1.5577666505818202,3.0362812527389758,2.3093897108725137,0.8
2.5674086425756073,2.447508977556956,3.4222819285652273,2.7809991094607494,0.0
2.3295180597894847,2.1586073345332997,2.9639242772823238,2.3760867858426957,0.2
2.5539097593493003,2.627750789525428,2.5722700290576546,2.247264352748055,0.4
2.9600119999234282,2.1768305673762955,2.726738304451227,2.770986253673529,0.6000000000000001
4.223764576766688,3.0819753288739724,5.108690655987431,4.310685315422747,0.8
3.8037038370529577,3.3576203340356465,4.606109521124377,3.8908726550820045,0.0
2.547396291231593,2.4138976706672284,2.9453478038547347,2.559248458864279,0.2
3.6047260737847577,2.8005494711378254,3.8418992312478237,3.8039647833728614,0.4
1.9365740837983891,1.9987246979897701,3.7308311522491793,2.3611906431882606,0.6000000000000001
4.099997915369086,3.1260658898909965,3.4819800046240528,3.3342809033615914,0.8
2.5129563463496254,2.198887988524895,3.31628105758363,2.5535636791276257,0.0
2.2018020415621375,2.1517417040590865,2.735577069307843,2.2292813793025577,0.2
4.054783495809319,2.648348012689013,4.054155921892884,3.257679286682168,0.4
2.944723737544846,2.4334347313875986,3.6779727531084045,2.7286072584139283,0.6000000000000001
3.6914032052791628,2.6970201133238314,3.1337315299279056,3.7528016534083255,0.8
4.114653244009785,2.752859831945132,5.131776121341955,4.061885243094239,0.0
2.3727203822163863,2.00917540290871,2.3958475875824936,2.3129775510391575,0.2
2.6534989319900624,2.954457195893113,3.8369226318115373,3.047128545536406,0.4
2.0864295995615287,1.1035566545556752,4.14225368955524,2.57598528850277,0.6000000000000001
2.92634905902105,1.5575276152961424,2.225181110547491,2.069408946427247,0.8
2.2552854806199636,1.3605435498780745,2.1689322489739222,1.8056785168315899,0.0
2.395284268429994,2.6731011153340347,2.9684604942805555,2.703170574856294,0.2
2.3145893048222317,2.3878740243810443,2.8868315254779873,2.4778597628164647,0.4
3.344155014682772,2.78833314028362,4.881909948922002,3.9784938735810647,0.6000000000000001
3.046823276158177,2.8841415348156327,4.292958984541109,3.4092666672701517,0.8
2.6266374971876605,2.54531924824166,3.7221404116299706,2.8207116425366627,0.0
3.4653989591192924,2.832109795345864,5.051253157420175,3.841199551926982,0.2
1.9365635327676438,1.7594326745233866,2.106651941888138,1.960372104293919,0.4
2.097944795918508,1.8799275589945192,2.1589066095250136,1.719188833407293,0.6000000000000001
3.1019179968752133,2.8055085680015854,3.44293037919252,3.319797091630909,0.8
2.1574109675166966,2.373047176565942,3.8306328082372008,2.4843067194216526,0.0
2.998747257206642,2.2782860613131533,3.2000750728813316,2.878447233608668,0.2
2.816198948212724,2.877134793506914,3.278020957403009,2.848549542078744,0.4
2.461430629914681,2.419229080534322,3.331291481043371,2.6634277238830797,0.6000000000000001
2.880856060729549,2.5793816580276863,4.137438404767816,3.1991240011034727,0.8
3.122015786240058,3.5395821860578156,3.879123498560283,3.4033343637376823,0.0
2.952573717510349,2.749395155867278,3.640659880648861,3.030252502526542,0.2
1.7828225209306852,1.8427059018892094,2.151187023928225,2.147799193183433,0.4
3.5107737294380845,2.6610014752521405,3.1892719761022135,2.8934968747219343,0.6000000000000001
2.8075718762891744,1.576043952695693,3.10028533409511,4.273485415804943,0.8
3.5890364565740356,3.110216543647584,3.8471938718010232,3.4861153695620115,0.0
5.638965701388253,3.79409574493621,4.091572764178394,3.8197562430347145,0.2
3.148348335150862,2.9205651362534133,4.104800522986591,3.6768783666737885,0.4
2.9370888746470123,2.1527888977171616,4.163540619408378,3.0327034853910284,0.6000000000000001
2.543616338316312,1.8404849498351548,2.8136743774467763,2.345533900031968,0.8
2.2490541736083802,2.392534955548255,3.3005126249597225,2.6620184505677846,0.0
2.2843003277423515,2.1279466074578175,2.7522742681878096,2.3829493957906704,0.2
2.2581885896275873,2.251630915630031,3.4109872896393587,2.5524926534327195,0.4
2.4135467323278004,2.1346947519359496,2.879520524675292,2.332698520911095,0.6000000000000001
2.745135246800909,2.2332941816766394,3.7853306843425707,2.9912607222971923,0.8
1.9292094222139495,2.0816158443199964,2.1943397328261023,2.0348753868066316,0.0
2.277047274337162,1.9728108438739362,2.795017745854933,2.1820325298402894,0.2
3.9507224917758212,2.583755983841774,3.3870032302602278,3.015107420394437,0.4
3.706742432791192,3.0737346118061692,4.808913672790683,4.1955923374803,0.6000000000000001
4.032982468786935,3.160761824526085,5.174090491829179,4.450885450007272,0.8
3.6444406437132324,3.1055492422741198,5.6219329868701475,4.1983537453705635,0.0
3.050363902473986,2.63882551645374,3.6612799869969557,3.3071467967132486,0.2
3.9614159614187314,3.006187315043232,3.47908441996322,3.490720680482669,0.4
2.9313622861366615,2.6694492905536538,3.080179658543789,3.0337237615009873,0.6000000000000001
3.0285132738222935,2.6211544440665393,2.954791520734489,2.923692244779146,0.8
2.5397239182426325,2.650170268803788,4.009909855537225,3.0176946017006068,0.0
2.871965763701904,2.6059955432404927,3.7686968667945724,2.909181681793442,0.2
3.5651675001013663,1.6646508409005394,2.8245131989443344,2.3754866963468504,0.4
1.5132695200138426,1.233324308721015,2.905255748293323,2.15642382467852,0.6000000000000001
2.683247859892736,2.1912693859547536,3.301031890401643,2.8733049544731157,0.8
2.8852878154229007,2.609493758985949,3.644093575981726,2.9141326827415277,0.0
2.7738075135876095,2.0962735757118405,2.958280839670801,2.6537559363201466,0.2
1.9594597694161937,1.9867655534895183,2.281239910526431,1.9131736493683715,0.4
3.630534550966579,2.79483435191331,3.8356174158579055,3.550956012270031,0.6000000000000001
3.119241784289083,2.265882548895986,3.552171798912918,3.045596235857191,0.8
2.65419993282903,1.7506105803964758,3.0669898232058994,2.6898031897208066,0.0
3.4660033556213428,2.7161370569915055,4.366189993331091,3.6077214213697957,0.2
2.359781633398065,1.7886200297037602,2.1664582268614025,1.9818889406491191,0.4
3.6526526619628257,3.582037729881371,4.73992650094095,4.067455225337556,0.6000000000000001
2.2220260560923832,2.1953077618953527,2.600896884576394,2.7376446818616933,0.8
3.5756470380921614,3.960809684070133,3.957960960199489,3.7699643349119616,0.0
2.6674944085636096,2.384622832457256,3.0586677461558054,2.7313346669230145,0.2
3.7954238868810894,3.195632980180749,4.765684594618511,3.3689974217941843,0.4
2.9227181598996164,2.378882692037068,2.8470354377555145,2.9468098694000524,0.6000000000000001
2.848943003064587,2.0214475958251805,3.370196270888659,2.8751221314957336,0.8
2.3652062751654572,2.0028767326995487,2.2673233230841654,2.055571274215188,0.0
4.793111719517764,4.587803996644599,5.19769069280219,4.876474539605235,0.2
3.3061886827941995,2.6775330768530123,3.0301587751937165,3.01976080009868,0.4
3.268321198895099,2.507963427675959,4.980631622644095,3.64900511238465,0.6000000000000001
2.899305889529273,2.2377249906690495,4.682292207212835,3.4512536115242787,0.8
4.465913065784745,3.7332955038232933,3.7986786817498066,4.0418229684280895,0.0
2.84680458923281,2.489187978574619,4.287664889302725,3.4402244401665305,0.2
2.243623906185813,1.925977300530801,2.328128515489867,2.230620346472101,0.4
3.1833737184881494,2.828053080883986,3.715144748960196,3.3544041739686974,0.6000000000000001
4.116534012108294,3.4122811966858135,4.7017410981982755,4.145294338607769,0.8
4.528599598193577,3.847967926668278,5.740049254285047,4.669429697076822,0.0
2.7743029060882516,2.8572197343652306,3.0931486994894186,2.837859052404979,0.2
2.4317894988378033,1.9465827372313793,3.0912198557849746,2.4584100270796503,0.4
2.271995000407032,1.6923744712060154,2.227697875919532,2.051261578593304,0.6000000000000001
2.857085722464925,1.5212004001384074,3.141959942599857,2.3584866797190007,0.8
1.9803396859880935,2.3915274643973268,3.2940989903328504,2.6791411494455817,0.0
4.591120290776764,2.9152587193890036,5.91585292028568,4.4130228186592495,0.2
3.5672863751896293,2.692097167419389,4.904211025668181,3.6667855628991646,0.4
4.057019842257172,3.122729752157905,4.349149499355081,3.962674658234338,0.6000000000000001
2.3831164933122504,1.8602410338335607,2.8058655563745614,2.4893745921876262,0.8
1.9777041670278208,1.8461335046531029,1.8344035402200547,1.754142074520032,0.0
3.598185135074079,2.7125397989335474,3.7474323449731477,3.4790336209146466,0.2
3.1868634743912394,2.053711746506453,4.63202177633075,3.430491643111903,0.4
1.528994316211402,1.4006554261205881,1.9247614714564025,1.663480688455751,0.6000000000000001
2.6941386483079723,1.5146522537023364,2.788200356594509,2.493870796165301,0.8
3.477614553534774,4.445688384105908,2.993505021130182,3.254676423040137,0.0
2.5916117620473207,2.516755891336827,2.9825203653960535,2.352732590800707,0.2
3.1640684579750458,3.120772141532598,3.386829365701515,3.2738226343232673,0.4
2.317285878108353,2.10853398954133,2.6191949802518204,2.3125492408415242,0.6000000000000001
3.9930376254655284,2.648886639218586,4.6288480263941745,3.895306246331229,0.8
2.4608436959970197,2.3229660353575006,4.737556249728662,3.4815609098800135,0.0
2.755744584964464,1.9979026175804218,3.437942430386748,2.9234816240701074,0.2
1.616187443380142,1.5581226509184287,1.5444708055943488,1.7412021525019534,0.4
2.423134348117825,2.348614094292957,2.8325897676787513,2.6224517498027753,0.6000000000000001
2.9537982915482353,2.507794306900924,2.996075061394802,2.8769293571415786,0.8
2.1684939617357544,2.1189442589880056,2.2600203388032414,2.200598419622361,0.0
2.7733821901666147,2.515987292826993,3.412984529317695,2.858365496942989,0.2
4.058608948358245,3.241419848166374,4.629657742489057,4.063345167387986,0.4
3.003623599766387,2.6345178046145525,3.8668492621539574,3.26885089593644,0.6000000000000001
2.878456882311116,2.3187693624693853,3.777020402789833,3.446777500373288,0.8
2.6420320046391597,2.465835359628311,3.2138993777101863,2.6585732384191014,0.0
3.841979737809128,3.697375742608675,4.05706706988302,3.948289512378455,0.2
2.6196886683143012,2.3674438636745805,2.7662705203334985,2.6529701838151736,0.4
2.9083680350948824,2.029324249372678,3.0412289640796724,2.6370492015936886,0.6000000000000001
2.047781794061148,1.976384773548546,2.7260530885345604,2.0485358637375404,0.8
